transaction_id,customer_id,data_vencimento,valor_original,valor_pago,data_pagamento,tipo_servico,metodo_pagamento,juros_aplicados,status_transacao,mes_competencia
T001,C001,2024-01-15,45000.0,45000.0,1705104000000000000,lavanderia_premium,transferencia,0.0,pago,2024-01
T002,C002,2024-01-10,12000.0,12000.0,1704844800000000000,lavanderia_standard,pix,0.0,pago,2024-01
T003,C003,2024-01-12,85000.0,85000.0,1705104000000000000,lavanderia_enterprise,transferencia,0.0,pago,2024-01
T004,C004,2024-01-01,28000.0,18710.78,,lavanderia_premium,transferencia,1190.45,em_atraso,2024-01
T005,C005,2023-12-01,8500.0,2181.3,,lavanderia_standard,cartao_credito,649.41,inadimplente,2023-12
T006,C006,2024-01-08,22000.0,22000.0,1705276800000000000,lavanderia_premium,pix,0.0,pago,2024-01
T007,C007,2024-01-14,52000.0,52000.0,1705968000000000000,lavanderia_enterprise,transferencia,0.0,pago,2024-01
T008,C008,2023-12-20,9500.0,1417.54,,lavanderia_standard,transferencia,974.34,em_atraso,2023-12
T009,C009,2023-11-20,3200.0,104.38,,lavanderia_basic,boleto,82.85,inadimplente,2023-11
T010,C010,2024-01-03,15000.0,15000.0,1704153600000000000,lavanderia_standard,transferencia,0.0,pago,2024-01
T011,C011,2024-01-12,38000.0,38000.0,1705622400000000000,lavanderia_premium,transferencia,0.0,pago,2024-01
T012,C012,2023-12-10,4800.0,2269.03,,lavanderia_basic,boleto,409.96,em_atraso,2023-12
T013,C013,2024-01-16,65000.0,65000.0,1705795200000000000,lavanderia_enterprise,cartao_credito,0.0,pago,2024-01
T014,C014,2023-12-25,18000.0,9756.93,,lavanderia_standard,transferencia,1901.34,em_atraso,2023-12
T015,C015,2024-01-11,32000.0,32000.0,1705276800000000000,lavanderia_premium,boleto,0.0,pago,2024-01
T016,C016,2023-12-18,6200.0,82.28,,lavanderia_basic,pix,180.88,em_atraso,2023-12
T017,C017,2024-01-13,72000.0,72000.0,1705449600000000000,lavanderia_enterprise,cartao_credito,0.0,pago,2024-01
T018,C018,2024-01-08,28500.0,28500.0,1705363200000000000,lavanderia_premium,pix,0.0,pago,2024-01
T019,C019,2023-12-05,11000.0,4506.42,,lavanderia_standard,pix,1057.66,inadimplente,2023-12
T020,C020,2023-11-25,5500.0,996.58,,lavanderia_basic,boleto,782.26,inadimplente,2023-11
T021,C021,2024-01-14,41000.0,41000.0,1705795200000000000,lavanderia_premium,transferencia,0.0,pago,2024-01
T022,C022,2024-01-05,13500.0,13500.0,1704672000000000000,lavanderia_standard,boleto,0.0,pago,2024-01
T023,C023,2024-01-15,95000.0,95000.0,1705276800000000000,lavanderia_enterprise,boleto,0.0,pago,2024-01
T024,C024,2023-12-15,7800.0,4025.88,,lavanderia_basic,boleto,620.67,em_atraso,2023-12
T025,C025,2023-12-22,8900.0,1241.49,,lavanderia_standard,boleto,809.28,em_atraso,2023-12
T026,C026,2024-01-10,35000.0,35000.0,1705190400000000000,lavanderia_premium,cartao_credito,0.0,pago,2024-01
T027,C027,2023-11-28,4500.0,2487.38,,lavanderia_basic,transferencia,315.87,inadimplente,2023-11
T028,C028,2024-01-12,58000.0,58000.0,1705795200000000000,lavanderia_enterprise,pix,0.0,pago,2024-01
T029,C029,2024-01-09,42000.0,42000.0,1705363200000000000,lavanderia_premium,pix,0.0,pago,2024-01
T030,C030,2023-12-28,16000.0,4950.21,,lavanderia_standard,transferencia,727.25,em_atraso,2023-12
T031,C001,2023-12-15,45000.0,45000.0,1703116800000000000,lavanderia_premium,pix,0.0,pago,2023-12
T032,C002,2023-12-10,12000.0,12000.0,1701993600000000000,lavanderia_standard,transferencia,0.0,pago,2023-12
T033,C003,2023-12-12,85000.0,85000.0,1702684800000000000,lavanderia_enterprise,pix,0.0,pago,2023-12
T034,C007,2023-12-14,52000.0,52000.0,1702771200000000000,lavanderia_enterprise,boleto,0.0,pago,2023-12
T035,C010,2023-12-03,15000.0,15000.0,1702166400000000000,lavanderia_standard,pix,0.0,pago,2023-12
T036,C011,2023-11-12,38000.0,38000.0,1700524800000000000,lavanderia_premium,transferencia,0.0,pago,2023-11
T037,C013,2023-11-16,65000.0,65000.0,1700611200000000000,lavanderia_enterprise,transferencia,0.0,pago,2023-11
T038,C015,2023-11-11,32000.0,32000.0,1699488000000000000,lavanderia_premium,transferencia,0.0,pago,2023-11
T039,C017,2023-11-13,72000.0,72000.0,1699920000000000000,lavanderia_enterprise,transferencia,0.0,pago,2023-11
T040,C021,2023-11-14,41000.0,41000.0,1700438400000000000,lavanderia_premium,transferencia,0.0,pago,2023-11
T041,C023,2023-10-15,95000.0,95000.0,1697414400000000000,lavanderia_enterprise,cartao_credito,0.0,pago,2023-10
T042,C026,2023-10-10,35000.0,35000.0,1697500800000000000,lavanderia_premium,cartao_credito,0.0,pago,2023-10
T043,C028,2023-10-12,58000.0,58000.0,1697068800000000000,lavanderia_enterprise,pix,0.0,pago,2023-10
T044,C029,2023-10-09,42000.0,42000.0,1697328000000000000,lavanderia_premium,transferencia,0.0,pago,2023-10
T045,C002,2023-11-10,12000.0,12000.0,1699488000000000000,lavanderia_standard,pix,0.0,pago,2023-11
T046,C006,2023-10-08,22000.0,22000.0,1696809600000000000,lavanderia_premium,transferencia,0.0,pago,2023-10
T047,C018,2023-10-08,28500.0,28500.0,1696982400000000000,lavanderia_premium,transferencia,0.0,pago,2023-10
T048,C022,2023-11-05,13500.0,13500.0,1699056000000000000,lavanderia_standard,cartao_credito,0.0,pago,2023-11
T049,C030,2023-11-28,16000.0,16000.0,1701561600000000000,lavanderia_standard,cartao_credito,0.0,pago,2023-11
T050,C001,2023-11-15,45000.0,45000.0,1700438400000000000,lavanderia_premium,boleto,0.0,pago,2023-11
T051,C001,2024-02-15,45000.0,45000.0,1707782400000000000,lavanderia_premium,cartao_credito,0.0,pago,2024-02
T052,C002,2024-02-10,12000.0,12000.0,1708300800000000000,lavanderia_standard,boleto,0.0,pago,2024-02
T053,C003,2024-02-12,85000.0,85000.0,1707696000000000000,lavanderia_enterprise,boleto,0.0,pago,2024-02
T054,C004,2024-02-01,28000.0,20982.75,,lavanderia_premium,boleto,1914.15,em_atraso,2024-02
T055,C005,2024-02-01,8500.0,935.14,,lavanderia_standard,boleto,1027.94,inadimplente,2024-02
T056,C006,2024-02-08,22000.0,22000.0,1707523200000000000,lavanderia_premium,boleto,0.0,pago,2024-02
T057,C007,2024-02-14,52000.0,52000.0,1708128000000000000,lavanderia_enterprise,pix,0.0,pago,2024-02
T058,C008,2024-02-20,9500.0,9500.0,1708473600000000000,lavanderia_standard,cartao_credito,0.0,pago,2024-02
T059,C009,2024-02-20,3200.0,873.13,,lavanderia_basic,boleto,242.46,inadimplente,2024-02
T060,C010,2024-02-03,15000.0,15000.0,1706832000000000000,lavanderia_standard,transferencia,0.0,pago,2024-02
T061,C011,2024-02-12,38000.0,38000.0,1708387200000000000,lavanderia_premium,cartao_credito,0.0,pago,2024-02
T062,C012,2024-02-10,4800.0,435.74,,lavanderia_basic,cartao_credito,160.35,em_atraso,2024-02
T063,C013,2024-02-16,65000.0,65000.0,1708732800000000000,lavanderia_enterprise,boleto,0.0,pago,2024-02
T064,C014,2024-02-25,18000.0,18000.0,1709078400000000000,lavanderia_standard,pix,0.0,pago,2024-02
T065,C015,2024-02-11,32000.0,32000.0,1707782400000000000,lavanderia_premium,boleto,0.0,pago,2024-02
T066,C016,2024-02-18,6200.0,6200.0,1708732800000000000,lavanderia_basic,pix,0.0,pago,2024-02
T067,C017,2024-02-13,72000.0,72000.0,1707609600000000000,lavanderia_enterprise,transferencia,0.0,pago,2024-02
T068,C018,2024-02-08,28500.0,28500.0,1707523200000000000,lavanderia_premium,cartao_credito,0.0,pago,2024-02
T069,C019,2024-02-05,11000.0,8137.3,,lavanderia_standard,transferencia,235.5,inadimplente,2024-02
T070,C020,2024-02-25,5500.0,3860.29,,lavanderia_basic,pix,757.35,inadimplente,2024-02
T071,C021,2024-02-14,41000.0,41000.0,1708128000000000000,lavanderia_premium,pix,0.0,pago,2024-02
T072,C022,2024-02-05,13500.0,13500.0,1707350400000000000,lavanderia_standard,transferencia,0.0,pago,2024-02
T073,C023,2024-02-15,95000.0,95000.0,1708300800000000000,lavanderia_enterprise,pix,0.0,pago,2024-02
T074,C024,2024-02-15,7800.0,7800.0,1708041600000000000,lavanderia_basic,transferencia,0.0,pago,2024-02
T075,C025,2024-02-22,8900.0,8900.0,1709251200000000000,lavanderia_standard,cartao_credito,0.0,pago,2024-02
T076,C001,2024-03-15,45000.0,45000.0,1710892800000000000,lavanderia_premium,transferencia,0.0,pago,2024-03
T077,C002,2024-03-10,12000.0,12000.0,1710374400000000000,lavanderia_standard,cartao_credito,0.0,pago,2024-03
T078,C003,2024-03-12,85000.0,85000.0,1710720000000000000,lavanderia_enterprise,transferencia,0.0,pago,2024-03
T079,C004,2024-03-01,28000.0,5777.89,,lavanderia_premium,pix,1756.34,em_atraso,2024-03
T080,C005,2024-03-01,8500.0,4487.89,,lavanderia_standard,transferencia,913.13,inadimplente,2024-03
T081,C006,2024-03-08,22000.0,22000.0,1709856000000000000,lavanderia_premium,pix,0.0,pago,2024-03
T082,C007,2024-03-14,52000.0,52000.0,1710806400000000000,lavanderia_enterprise,transferencia,0.0,pago,2024-03
T083,C008,2024-03-20,9500.0,9500.0,1711065600000000000,lavanderia_standard,transferencia,0.0,pago,2024-03
T084,C009,2024-03-20,3200.0,2092.09,,lavanderia_basic,boleto,101.94,inadimplente,2024-03
T085,C010,2024-03-03,15000.0,15000.0,1709856000000000000,lavanderia_standard,pix,0.0,pago,2024-03
T086,C011,2024-03-12,38000.0,38000.0,1710460800000000000,lavanderia_premium,boleto,0.0,pago,2024-03
T087,C012,2024-03-10,4800.0,2131.97,,lavanderia_basic,pix,438.91,em_atraso,2024-03
T088,C013,2024-03-16,65000.0,65000.0,1710633600000000000,lavanderia_enterprise,boleto,0.0,pago,2024-03
T089,C014,2024-03-25,18000.0,18000.0,1712102400000000000,lavanderia_standard,cartao_credito,0.0,pago,2024-03
T090,C015,2024-03-11,32000.0,32000.0,1710806400000000000,lavanderia_premium,transferencia,0.0,pago,2024-03
T091,C016,2024-03-18,6200.0,6200.0,1710806400000000000,lavanderia_basic,pix,0.0,pago,2024-03
T092,C017,2024-03-13,72000.0,72000.0,1710547200000000000,lavanderia_enterprise,pix,0.0,pago,2024-03
T093,C018,2024-03-08,28500.0,28500.0,1710115200000000000,lavanderia_premium,transferencia,0.0,pago,2024-03
T094,C019,2024-03-05,11000.0,4660.93,,lavanderia_standard,pix,1104.05,inadimplente,2024-03
T095,C020,2024-03-25,5500.0,1064.15,,lavanderia_basic,pix,182.3,inadimplente,2024-03
T096,C021,2024-03-14,41000.0,41000.0,1710633600000000000,lavanderia_premium,boleto,0.0,pago,2024-03
T097,C022,2024-03-05,13500.0,13500.0,1709596800000000000,lavanderia_standard,pix,0.0,pago,2024-03
T098,C023,2024-03-15,95000.0,95000.0,1710979200000000000,lavanderia_enterprise,cartao_credito,0.0,pago,2024-03
T099,C024,2024-03-15,7800.0,7800.0,1710374400000000000,lavanderia_basic,cartao_credito,0.0,pago,2024-03
T100,C025,2024-03-22,8900.0,8900.0,1711756800000000000,lavanderia_standard,transferencia,0.0,pago,2024-03
T101,C001,2024-04-15,45000.0,45000.0,1713571200000000000,lavanderia_premium,pix,0.0,pago,2024-04
T102,C002,2024-04-10,12000.0,12000.0,1713312000000000000,lavanderia_standard,transferencia,0.0,pago,2024-04
T103,C003,2024-04-12,85000.0,85000.0,1712880000000000000,lavanderia_enterprise,cartao_credito,0.0,pago,2024-04
T104,C004,2024-04-01,28000.0,2085.5,,lavanderia_premium,pix,1922.35,em_atraso,2024-04
T105,C006,2024-04-08,22000.0,22000.0,1712707200000000000,lavanderia_premium,pix,0.0,pago,2024-04
T106,C007,2024-04-14,52000.0,52000.0,1713312000000000000,lavanderia_enterprise,transferencia,0.0,pago,2024-04
T107,C008,2024-04-20,9500.0,9500.0,1714176000000000000,lavanderia_standard,cartao_credito,0.0,pago,2024-04
T108,C010,2024-04-03,15000.0,15000.0,1712361600000000000,lavanderia_standard,pix,0.0,pago,2024-04
T109,C011,2024-04-12,38000.0,38000.0,1712966400000000000,lavanderia_premium,transferencia,0.0,pago,2024-04
T110,C013,2024-04-16,65000.0,65000.0,1713225600000000000,lavanderia_enterprise,cartao_credito,0.0,pago,2024-04
T111,C014,2024-04-25,18000.0,18000.0,1714089600000000000,lavanderia_standard,transferencia,0.0,pago,2024-04
T112,C015,2024-04-11,32000.0,32000.0,1712620800000000000,lavanderia_premium,boleto,0.0,pago,2024-04
T113,C016,2024-04-18,6200.0,6200.0,1713484800000000000,lavanderia_basic,pix,0.0,pago,2024-04
T114,C017,2024-04-13,72000.0,72000.0,1712793600000000000,lavanderia_enterprise,boleto,0.0,pago,2024-04
T115,C018,2024-04-08,28500.0,28500.0,1713312000000000000,lavanderia_premium,cartao_credito,0.0,pago,2024-04
T116,C021,2024-04-14,41000.0,41000.0,1712880000000000000,lavanderia_premium,boleto,0.0,pago,2024-04
T117,C022,2024-04-05,13500.0,13500.0,1712880000000000000,lavanderia_standard,boleto,0.0,pago,2024-04
T118,C023,2024-04-15,95000.0,95000.0,1713398400000000000,lavanderia_enterprise,cartao_credito,0.0,pago,2024-04
T119,C024,2024-04-15,7800.0,7800.0,1713312000000000000,lavanderia_basic,transferencia,0.0,pago,2024-04
T120,C025,2024-04-22,8900.0,8900.0,1714435200000000000,lavanderia_standard,boleto,0.0,pago,2024-04
T121,C001,2024-05-15,45000.0,45000.0,1715817600000000000,lavanderia_premium,transferencia,0.0,pago,2024-05
T122,C002,2024-05-10,12000.0,12000.0,1715990400000000000,lavanderia_standard,boleto,0.0,pago,2024-05
T123,C003,2024-05-12,85000.0,85000.0,1715472000000000000,lavanderia_enterprise,transferencia,0.0,pago,2024-05
T124,C004,2024-05-01,28000.0,20097.63,,lavanderia_premium,cartao_credito,3275.6,em_atraso,2024-05
T125,C006,2024-05-08,22000.0,22000.0,1715385600000000000,lavanderia_premium,boleto,0.0,pago,2024-05
T126,C007,2024-05-14,52000.0,52000.0,1715558400000000000,lavanderia_enterprise,cartao_credito,0.0,pago,2024-05
T127,C008,2024-05-20,9500.0,9500.0,1716595200000000000,lavanderia_standard,boleto,0.0,pago,2024-05
T128,C010,2024-05-03,15000.0,15000.0,1715299200000000000,lavanderia_standard,cartao_credito,0.0,pago,2024-05
T129,C011,2024-05-12,38000.0,38000.0,1715644800000000000,lavanderia_premium,cartao_credito,0.0,pago,2024-05
T130,C013,2024-05-16,65000.0,65000.0,1716163200000000000,lavanderia_enterprise,boleto,0.0,pago,2024-05
T131,C014,2024-05-25,18000.0,18000.0,1717200000000000000,lavanderia_standard,boleto,0.0,pago,2024-05
T132,C015,2024-05-11,32000.0,32000.0,1716163200000000000,lavanderia_premium,boleto,0.0,pago,2024-05
T133,C016,2024-05-18,6200.0,6200.0,1715904000000000000,lavanderia_basic,pix,0.0,pago,2024-05
T134,C017,2024-05-13,72000.0,72000.0,1715990400000000000,lavanderia_enterprise,transferencia,0.0,pago,2024-05
T135,C018,2024-05-08,28500.0,28500.0,1715040000000000000,lavanderia_premium,pix,0.0,pago,2024-05
T136,C021,2024-05-14,41000.0,41000.0,1715731200000000000,lavanderia_premium,pix,0.0,pago,2024-05
T137,C022,2024-05-05,13500.0,13500.0,1714694400000000000,lavanderia_standard,cartao_credito,0.0,pago,2024-05
T138,C023,2024-05-15,95000.0,95000.0,1715904000000000000,lavanderia_enterprise,boleto,0.0,pago,2024-05
T139,C024,2024-05-15,7800.0,7800.0,1716249600000000000,lavanderia_basic,transferencia,0.0,pago,2024-05
T140,C025,2024-05-22,8900.0,8900.0,1716163200000000000,lavanderia_standard,cartao_credito,0.0,pago,2024-05
T141,C001,2024-06-15,45000.0,45000.0,1718928000000000000,lavanderia_premium,pix,0.0,pago,2024-06
T142,C002,2024-06-10,12000.0,12000.0,1718668800000000000,lavanderia_standard,boleto,0.0,pago,2024-06
T143,C003,2024-06-12,85000.0,85000.0,1718582400000000000,lavanderia_enterprise,cartao_credito,0.0,pago,2024-06
T144,C004,2024-06-01,28000.0,20169.36,,lavanderia_premium,boleto,2214.53,em_atraso,2024-06
T145,C006,2024-06-08,22000.0,22000.0,1718150400000000000,lavanderia_premium,cartao_credito,0.0,pago,2024-06
T146,C007,2024-06-14,52000.0,52000.0,1718323200000000000,lavanderia_enterprise,boleto,0.0,pago,2024-06
T147,C008,2024-06-20,9500.0,9500.0,1718668800000000000,lavanderia_standard,pix,0.0,pago,2024-06
T148,C010,2024-06-03,15000.0,15000.0,1717545600000000000,lavanderia_standard,transferencia,0.0,pago,2024-06
T149,C011,2024-06-12,38000.0,38000.0,1718928000000000000,lavanderia_premium,pix,0.0,pago,2024-06
T150,C013,2024-06-16,65000.0,65000.0,1719273600000000000,lavanderia_enterprise,transferencia,0.0,pago,2024-06
T151,C014,2024-06-25,18000.0,18000.0,1719187200000000000,lavanderia_standard,boleto,0.0,pago,2024-06
T152,C015,2024-06-11,32000.0,32000.0,1718236800000000000,lavanderia_premium,cartao_credito,0.0,pago,2024-06
T153,C016,2024-06-18,6200.0,6200.0,1719100800000000000,lavanderia_basic,pix,0.0,pago,2024-06
T154,C017,2024-06-13,72000.0,72000.0,1718928000000000000,lavanderia_enterprise,transferencia,0.0,pago,2024-06
T155,C018,2024-06-08,28500.0,28500.0,1718323200000000000,lavanderia_premium,pix,0.0,pago,2024-06
T156,C021,2024-06-14,41000.0,41000.0,1718236800000000000,lavanderia_premium,transferencia,0.0,pago,2024-06
T157,C022,2024-06-05,13500.0,13500.0,1718323200000000000,lavanderia_standard,pix,0.0,pago,2024-06
T158,C023,2024-06-15,95000.0,95000.0,1718409600000000000,lavanderia_enterprise,transferencia,0.0,pago,2024-06
T159,C024,2024-06-15,7800.0,7800.0,1718409600000000000,lavanderia_basic,transferencia,0.0,pago,2024-06
T160,C025,2024-06-22,8900.0,8900.0,1718841600000000000,lavanderia_standard,boleto,0.0,pago,2024-06
T161,C001,2024-07-15,45000.0,45000.0,1721433600000000000,lavanderia_premium,transferencia,0.0,pago,2024-07
T162,C002,2024-07-10,12000.0,12000.0,1720828800000000000,lavanderia_standard,boleto,0.0,pago,2024-07
T163,C003,2024-07-12,85000.0,85000.0,1721520000000000000,lavanderia_enterprise,transferencia,0.0,pago,2024-07
T164,C004,2024-07-01,28000.0,14181.47,,lavanderia_premium,cartao_credito,1686.68,em_atraso,2024-07
T165,C006,2024-07-08,22000.0,22000.0,1721088000000000000,lavanderia_premium,cartao_credito,0.0,pago,2024-07
T166,C007,2024-07-14,52000.0,52000.0,1721433600000000000,lavanderia_enterprise,cartao_credito,0.0,pago,2024-07
T167,C008,2024-07-20,9500.0,9500.0,1721606400000000000,lavanderia_standard,transferencia,0.0,pago,2024-07
T168,C010,2024-07-03,15000.0,15000.0,1720742400000000000,lavanderia_standard,boleto,0.0,pago,2024-07
T169,C011,2024-07-12,38000.0,38000.0,1720742400000000000,lavanderia_premium,boleto,0.0,pago,2024-07
T170,C013,2024-07-16,65000.0,65000.0,1721260800000000000,lavanderia_enterprise,transferencia,0.0,pago,2024-07
T171,C014,2024-07-25,18000.0,18000.0,1722038400000000000,lavanderia_standard,cartao_credito,0.0,pago,2024-07
T172,C015,2024-07-11,32000.0,32000.0,1720828800000000000,lavanderia_premium,cartao_credito,0.0,pago,2024-07
T173,C016,2024-07-18,6200.0,6200.0,1721260800000000000,lavanderia_basic,boleto,0.0,pago,2024-07
T174,C017,2024-07-13,72000.0,72000.0,1721520000000000000,lavanderia_enterprise,cartao_credito,0.0,pago,2024-07
T175,C018,2024-07-08,28500.0,28500.0,1721001600000000000,lavanderia_premium,pix,0.0,pago,2024-07
T176,C021,2024-07-14,41000.0,41000.0,1721001600000000000,lavanderia_premium,boleto,0.0,pago,2024-07
T177,C022,2024-07-05,13500.0,13500.0,1720656000000000000,lavanderia_standard,cartao_credito,0.0,pago,2024-07
T178,C023,2024-07-15,95000.0,95000.0,1721606400000000000,lavanderia_enterprise,boleto,0.0,pago,2024-07
T179,C024,2024-07-15,7800.0,7800.0,1721520000000000000,lavanderia_basic,pix,0.0,pago,2024-07
T180,C025,2024-07-22,8900.0,8900.0,1721520000000000000,lavanderia_standard,boleto,0.0,pago,2024-07
T181,C001,2024-08-15,45000.0,45000.0,1724112000000000000,lavanderia_premium,boleto,0.0,pago,2024-08
T182,C002,2024-08-10,12000.0,12000.0,1723680000000000000,lavanderia_standard,boleto,0.0,pago,2024-08
T183,C003,2024-08-12,85000.0,85000.0,1723766400000000000,lavanderia_enterprise,boleto,0.0,pago,2024-08
T184,C004,2024-08-01,28000.0,7594.27,,lavanderia_premium,pix,4090.49,em_atraso,2024-08
T185,C006,2024-08-08,22000.0,22000.0,1723075200000000000,lavanderia_premium,transferencia,0.0,pago,2024-08
T186,C007,2024-08-14,52000.0,52000.0,1723852800000000000,lavanderia_enterprise,boleto,0.0,pago,2024-08
T187,C008,2024-08-20,9500.0,9500.0,1723939200000000000,lavanderia_standard,boleto,0.0,pago,2024-08
T188,C010,2024-08-03,15000.0,15000.0,1722988800000000000,lavanderia_standard,cartao_credito,0.0,pago,2024-08
T189,C011,2024-08-12,38000.0,38000.0,1723248000000000000,lavanderia_premium,boleto,0.0,pago,2024-08
T190,C013,2024-08-16,65000.0,65000.0,1724284800000000000,lavanderia_enterprise,cartao_credito,0.0,pago,2024-08
T191,C014,2024-08-25,18000.0,18000.0,1724371200000000000,lavanderia_standard,transferencia,0.0,pago,2024-08
T192,C015,2024-08-11,32000.0,32000.0,1723161600000000000,lavanderia_premium,pix,0.0,pago,2024-08
T193,C016,2024-08-18,6200.0,6200.0,1724284800000000000,lavanderia_basic,pix,0.0,pago,2024-08
T194,C017,2024-08-13,72000.0,72000.0,1723420800000000000,lavanderia_enterprise,transferencia,0.0,pago,2024-08
T195,C018,2024-08-08,28500.0,28500.0,1723248000000000000,lavanderia_premium,pix,0.0,pago,2024-08
T196,C021,2024-08-14,41000.0,41000.0,1724025600000000000,lavanderia_premium,transferencia,0.0,pago,2024-08
T197,C022,2024-08-05,13500.0,13500.0,1723248000000000000,lavanderia_standard,transferencia,0.0,pago,2024-08
T198,C023,2024-08-15,95000.0,95000.0,1723680000000000000,lavanderia_enterprise,transferencia,0.0,pago,2024-08
T199,C024,2024-08-15,7800.0,7800.0,1724025600000000000,lavanderia_basic,pix,0.0,pago,2024-08
T200,C025,2024-08-22,8900.0,8900.0,1724284800000000000,lavanderia_standard,cartao_credito,0.0,pago,2024-08
T201,C001,2024-09-15,45000.0,45000.0,1726617600000000000,lavanderia_premium,transferencia,0.0,pago,2024-09
T202,C002,2024-09-10,12000.0,12000.0,1726185600000000000,lavanderia_standard,boleto,0.0,pago,2024-09
T203,C003,2024-09-12,85000.0,85000.0,1726099200000000000,lavanderia_enterprise,pix,0.0,pago,2024-09
T204,C004,2024-09-01,28000.0,7822.29,,lavanderia_premium,transferencia,1392.26,em_atraso,2024-09
T205,C006,2024-09-08,22000.0,22000.0,1725753600000000000,lavanderia_premium,transferencia,0.0,pago,2024-09
T206,C007,2024-09-14,52000.0,52000.0,1726704000000000000,lavanderia_enterprise,boleto,0.0,pago,2024-09
T207,C008,2024-09-20,9500.0,9500.0,1727395200000000000,lavanderia_standard,cartao_credito,0.0,pago,2024-09
T208,C010,2024-09-03,15000.0,15000.0,1725408000000000000,lavanderia_standard,cartao_credito,0.0,pago,2024-09
T209,C011,2024-09-12,38000.0,38000.0,1725926400000000000,lavanderia_premium,cartao_credito,0.0,pago,2024-09
T210,C013,2024-09-16,65000.0,65000.0,1726531200000000000,lavanderia_enterprise,transferencia,0.0,pago,2024-09
T211,C014,2024-09-25,18000.0,18000.0,1727568000000000000,lavanderia_standard,transferencia,0.0,pago,2024-09
T212,C015,2024-09-11,32000.0,32000.0,1726704000000000000,lavanderia_premium,transferencia,0.0,pago,2024-09
T213,C016,2024-09-18,6200.0,6200.0,1726704000000000000,lavanderia_basic,pix,0.0,pago,2024-09
T214,C017,2024-09-13,72000.0,72000.0,1726444800000000000,lavanderia_enterprise,boleto,0.0,pago,2024-09
T215,C018,2024-09-08,28500.0,28500.0,1726272000000000000,lavanderia_premium,transferencia,0.0,pago,2024-09
T216,C021,2024-09-14,41000.0,41000.0,1726099200000000000,lavanderia_premium,boleto,0.0,pago,2024-09
T217,C022,2024-09-05,13500.0,13500.0,1725667200000000000,lavanderia_standard,boleto,0.0,pago,2024-09
T218,C023,2024-09-15,95000.0,95000.0,1727049600000000000,lavanderia_enterprise,cartao_credito,0.0,pago,2024-09
T219,C024,2024-09-15,7800.0,7800.0,1726704000000000000,lavanderia_basic,pix,0.0,pago,2024-09
T220,C025,2024-09-22,8900.0,8900.0,1726790400000000000,lavanderia_standard,transferencia,0.0,pago,2024-09
T221,C001,2024-10-15,45000.0,45000.0,1729036800000000000,lavanderia_premium,cartao_credito,0.0,pago,2024-10
T222,C002,2024-10-10,12000.0,12000.0,1728777600000000000,lavanderia_standard,cartao_credito,0.0,pago,2024-10
T223,C003,2024-10-12,85000.0,85000.0,1728604800000000000,lavanderia_enterprise,transferencia,0.0,pago,2024-10
T224,C004,2024-10-01,28000.0,16261.41,,lavanderia_premium,boleto,1056.39,em_atraso,2024-10
T225,C006,2024-10-08,22000.0,22000.0,1728518400000000000,lavanderia_premium,cartao_credito,0.0,pago,2024-10
T226,C007,2024-10-14,52000.0,52000.0,1729555200000000000,lavanderia_enterprise,boleto,0.0,pago,2024-10
T227,C008,2024-10-20,9500.0,9500.0,1729987200000000000,lavanderia_standard,pix,0.0,pago,2024-10
T228,C010,2024-10-03,15000.0,15000.0,1727740800000000000,lavanderia_standard,boleto,0.0,pago,2024-10
T229,C011,2024-10-12,38000.0,38000.0,1728950400000000000,lavanderia_premium,pix,0.0,pago,2024-10
T230,C013,2024-10-16,65000.0,65000.0,1729296000000000000,lavanderia_enterprise,boleto,0.0,pago,2024-10
T231,C014,2024-10-25,18000.0,18000.0,1729900800000000000,lavanderia_standard,cartao_credito,0.0,pago,2024-10
T232,C015,2024-10-11,32000.0,32000.0,1729036800000000000,lavanderia_premium,cartao_credito,0.0,pago,2024-10
T233,C016,2024-10-18,6200.0,6200.0,1729296000000000000,lavanderia_basic,pix,0.0,pago,2024-10
T234,C017,2024-10-13,72000.0,72000.0,1729209600000000000,lavanderia_enterprise,transferencia,0.0,pago,2024-10
T235,C018,2024-10-08,28500.0,28500.0,1728777600000000000,lavanderia_premium,pix,0.0,pago,2024-10
T236,C021,2024-10-14,41000.0,41000.0,1729036800000000000,lavanderia_premium,pix,0.0,pago,2024-10
T237,C022,2024-10-05,13500.0,13500.0,1728172800000000000,lavanderia_standard,boleto,0.0,pago,2024-10
T238,C023,2024-10-15,95000.0,95000.0,1729728000000000000,lavanderia_enterprise,boleto,0.0,pago,2024-10
T239,C024,2024-10-15,7800.0,7800.0,1728864000000000000,lavanderia_basic,pix,0.0,pago,2024-10
T240,C025,2024-10-22,8900.0,8900.0,1730246400000000000,lavanderia_standard,cartao_credito,0.0,pago,2024-10
T241,C001,2024-11-15,45000.0,45000.0,1731628800000000000,lavanderia_premium,boleto,0.0,pago,2024-11
T242,C002,2024-11-10,12000.0,12000.0,1731196800000000000,lavanderia_standard,transferencia,0.0,pago,2024-11
T243,C003,2024-11-12,85000.0,85000.0,1731456000000000000,lavanderia_enterprise,boleto,0.0,pago,2024-11
T244,C004,2024-11-01,28000.0,20095.27,,lavanderia_premium,boleto,2353.13,em_atraso,2024-11
T245,C006,2024-11-08,22000.0,22000.0,1731628800000000000,lavanderia_premium,transferencia,0.0,pago,2024-11
T246,C007,2024-11-14,52000.0,52000.0,1732233600000000000,lavanderia_enterprise,pix,0.0,pago,2024-11
T247,C008,2024-11-20,9500.0,9500.0,1732752000000000000,lavanderia_standard,transferencia,0.0,pago,2024-11
T248,C010,2024-11-03,15000.0,15000.0,1730764800000000000,lavanderia_standard,pix,0.0,pago,2024-11
T249,C011,2024-11-12,38000.0,38000.0,1731456000000000000,lavanderia_premium,pix,0.0,pago,2024-11
T250,C013,2024-11-16,65000.0,65000.0,1732406400000000000,lavanderia_enterprise,pix,0.0,pago,2024-11
T251,C014,2024-11-25,18000.0,18000.0,1733097600000000000,lavanderia_standard,transferencia,0.0,pago,2024-11
T252,C015,2024-11-11,32000.0,32000.0,1731715200000000000,lavanderia_premium,pix,0.0,pago,2024-11
T253,C016,2024-11-18,6200.0,6200.0,1732147200000000000,lavanderia_basic,cartao_credito,0.0,pago,2024-11
T254,C017,2024-11-13,72000.0,72000.0,1731715200000000000,lavanderia_enterprise,transferencia,0.0,pago,2024-11
T255,C018,2024-11-08,28500.0,28500.0,1731456000000000000,lavanderia_premium,cartao_credito,0.0,pago,2024-11
T256,C021,2024-11-14,41000.0,41000.0,1731888000000000000,lavanderia_premium,pix,0.0,pago,2024-11
T257,C022,2024-11-05,13500.0,13500.0,1731369600000000000,lavanderia_standard,boleto,0.0,pago,2024-11
T258,C023,2024-11-15,95000.0,95000.0,1732320000000000000,lavanderia_enterprise,pix,0.0,pago,2024-11
T259,C024,2024-11-15,7800.0,7800.0,1732406400000000000,lavanderia_basic,cartao_credito,0.0,pago,2024-11
T260,C025,2024-11-22,8900.0,8900.0,1732838400000000000,lavanderia_standard,cartao_credito,0.0,pago,2024-11
T261,C001,2024-12-15,45000.0,45000.0,1734652800000000000,lavanderia_premium,transferencia,0.0,pago,2024-12
T262,C002,2024-12-10,12000.0,12000.0,1733702400000000000,lavanderia_standard,boleto,0.0,pago,2024-12
T263,C003,2024-12-12,85000.0,85000.0,1734480000000000000,lavanderia_enterprise,transferencia,0.0,pago,2024-12
T264,C004,2024-12-01,28000.0,19870.74,,lavanderia_premium,cartao_credito,1204.32,em_atraso,2024-12
T265,C006,2024-12-08,22000.0,22000.0,1734048000000000000,lavanderia_premium,pix,0.0,pago,2024-12
T266,C007,2024-12-14,52000.0,52000.0,1734912000000000000,lavanderia_enterprise,boleto,0.0,pago,2024-12
T267,C008,2024-12-20,9500.0,9500.0,1735344000000000000,lavanderia_standard,pix,0.0,pago,2024-12
T268,C010,2024-12-03,15000.0,15000.0,1733961600000000000,lavanderia_standard,pix,0.0,pago,2024-12
T269,C011,2024-12-12,38000.0,38000.0,1734739200000000000,lavanderia_premium,boleto,0.0,pago,2024-12
T270,C013,2024-12-16,65000.0,65000.0,1734393600000000000,lavanderia_enterprise,transferencia,0.0,pago,2024-12
T271,C014,2024-12-25,18000.0,18000.0,1735171200000000000,lavanderia_standard,pix,0.0,pago,2024-12
T272,C015,2024-12-11,32000.0,32000.0,1734048000000000000,lavanderia_premium,cartao_credito,0.0,pago,2024-12
T273,C016,2024-12-18,6200.0,6200.0,1734912000000000000,lavanderia_basic,pix,0.0,pago,2024-12
T274,C017,2024-12-13,72000.0,72000.0,1734220800000000000,lavanderia_enterprise,boleto,0.0,pago,2024-12
T275,C018,2024-12-08,28500.0,28500.0,1734048000000000000,lavanderia_premium,boleto,0.0,pago,2024-12
T276,C021,2024-12-14,41000.0,41000.0,1734739200000000000,lavanderia_premium,boleto,0.0,pago,2024-12
T277,C022,2024-12-05,13500.0,13500.0,1733184000000000000,lavanderia_standard,transferencia,0.0,pago,2024-12
T278,C023,2024-12-15,95000.0,95000.0,1734998400000000000,lavanderia_enterprise,pix,0.0,pago,2024-12
T279,C024,2024-12-15,7800.0,7800.0,1734825600000000000,lavanderia_basic,transferencia,0.0,pago,2024-12
T280,C025,2024-12-22,8900.0,8900.0,1735344000000000000,lavanderia_standard,transferencia,0.0,pago,2024-12
